<?xml version='1.0' encoding='UTF-8' ?>
<timeLogEntries>
  <time id="1" path="/Proyecto/PSP Fundamentals &amp; Advanced/Program 1/Planning" start="@1486237012744" delta="30" interrupt="2" />
  <time id="2" path="/Proyecto/PSP Fundamentals &amp; Advanced/Program 1/Design" start="@1486238949181" delta="131" interrupt="4" />
  <time id="3" path="/Proyecto/PSP Fundamentals &amp; Advanced/Program 1/Code" start="@1486247062630" delta="252" interrupt="32" />
  <time id="4" path="/Proyecto/PSP Fundamentals &amp; Advanced/Program 1/Compile" start="@1486264139950" delta="3" />
  <time id="5" path="/Proyecto/PSP Fundamentals &amp; Advanced/Program 1/Test" start="@1486264325340" delta="73" />
  <time id="6" path="/Proyecto/PSP Fundamentals &amp; Advanced/Program 1/Postmortem" start="@1486268714235" delta="3" />
  <time id="7" path="/Proyecto/PSP Fundamentals &amp; Advanced/Program 2/Planning" start="@1487458274932" delta="75" interrupt="6" />
  <time id="8" path="/Proyecto/PSP Fundamentals &amp; Advanced/Program 2/Planning" start="@1487464038503" delta="30" />
  <time id="9" path="/Proyecto/PSP Fundamentals &amp; Advanced/Program 2/Design" start="@1487465817361" delta="34" />
  <time id="10" path="/Proyecto/PSP Fundamentals &amp; Advanced/Program 2/Design" start="@1487468576006" delta="15" />
  <time id="11" path="/Proyecto/PSP Fundamentals &amp; Advanced/Program 2/Design" start="@1487477198312" delta="165" />
  <time id="12" path="/Proyecto/PSP Fundamentals &amp; Advanced/Program 2/Code" start="@1487487119820" delta="206" />
</timeLogEntries>
