<?xml version='1.0' encoding='UTF-8' ?>
<timeLogEntries>
  <time id="13" path="/Proyecto/PSP Fundamentals &amp; Advanced/Program 2/Code" start="@1487523819418" delta="106" flag="A" />
  <time id="14" path="/Proyecto/PSP Fundamentals &amp; Advanced/Program 2/Code" start="@1487534161800" delta="58" flag="A" />
  <time id="15" path="/Proyecto/PSP Fundamentals &amp; Advanced/Program 2/Code" start="@1487539437320" delta="62" flag="A" />
  <time id="16" path="/Proyecto/PSP Fundamentals &amp; Advanced/Program 2/Compile" start="@1487543185872" delta="2" flag="A" />
  <time id="17" path="/Proyecto/PSP Fundamentals &amp; Advanced/Program 2/Test" start="@1487543280903" delta="35" interrupt="22" flag="A" />
  <time id="18" path="/Proyecto/PSP Fundamentals &amp; Advanced/Program 2/Test" start="@1487546839458" delta="79" interrupt="9" flag="A" />
  <time id="19" path="/Proyecto/PSP Fundamentals &amp; Advanced/Program 2/Test" start="@1487553050609" delta="35" interrupt="7" flag="A" />
  <time id="20" path="/Proyecto/PSP Fundamentals &amp; Advanced/Program 2/Test" start="@1487556278195" delta="30" interrupt="2" flag="A" />
  <time id="21" path="/Proyecto/PSP Fundamentals &amp; Advanced/Program 2/Test" start="@1487558746467" delta="6" flag="A" />
  <time id="22" path="/Proyecto/PSP Fundamentals &amp; Advanced/Program 2/Test" start="@1487559468538" delta="2" flag="A" />
  <time id="23" path="/Proyecto/PSP Fundamentals &amp; Advanced/Program 2/Test" start="@1487560052094" delta="12" flag="A" />
  <time id="24" path="/Proyecto/PSP Fundamentals &amp; Advanced/Program 2/Test" start="@1487561563137" delta="23" flag="A" />
  <time id="25" path="/Proyecto/PSP Fundamentals &amp; Advanced/Program 2/Postmortem" start="@1487562930639" delta="3" flag="A" />
  <time id="26" path="/Proyecto/PSP Fundamentals &amp; Advanced/Program 2/Postmortem" start="@1487563453741" delta="47" interrupt="2" flag="A" />
</timeLogEntries>
